1	(Ref. 252640)	Royal	Polvo para Hornear Sobre 100 g	$440
2	(Ref. 236723)	Great Value	Mezcla para Panqueques y Waffles Bolsa 156 g	$490
3	(Ref. 263243)	acuenta	Harina con Polvos de Hornear Bolsa 1 Kg	$500
4	(Ref. 263238)	acuenta	Harina sin Polvos de Hornear Bolsa 1 Kg	$500
5	(Ref. 252278)	Royal	Polvo para Hornear Frasco 100 g	$520
6	(Ref. 263254)	Lider	Harina sin Polvos de Hornear Bolsa 1 Kg	$630
7	(Ref. 260479)	Lucchetti	Semola Lucchetti Bolsa 500 g	$690
8	(Ref. 241878)	Mont Blanc	Harina con Polvos de Hornear Bolsa 1 Kg	$690
9	(Ref. 261114)	Mont Blanc	Harina sin Polvos de Hornear Bolsa 1 Kg	$690
10	(Ref. 286045)	Carozzi	Semola 500 g	$740
11	(Ref. 286060)	Selecta	Harina sin Polvos de Hornear Bolsa 1 Kg	$840
12	(Ref. 286056)	Selecta	Harina con Polvos de Hornear Bolsa 1 Kg	$840
13	(Ref. 256443)	Lider	Almidon de Maiz Bolsa 400 g	$950
14	(Ref. 488402)	Betty Crocker	Mezcla Muffins Chocolate Chips ...	$1.000
15	(Ref. 311479)	Selecta	Queque Marmol Caja 450 g	$1.000
16	(Ref. 311240)	Selecta	Queque Vainilla Caja 450 g	$1.000
17	(Ref. 252633)	Royal	Polvos de Hornear Caja 250 g	$1.050
18	(Ref. 257242)	Lider	Almidon de Maiz Pote 500 g	$1.299
19	(Ref. 481666)	Betty Crocker	Mezcla Brownie Dulce Doypack ...	$2.000
20	(Ref. 286042)	Selecta	Harina sin Polvos de Hornear Bolsa 3 kg	$2.490
21	(Ref. 296986)	Donarepa	Harina de Maiz Extrafina Bolsa 1000 g	$2.539
22	(Ref. 493176)	Betty Crocker	Mezcla Torta Chocolate Caja ...	$2.550
23	(Ref. 261914)	Nestle	Polvos de Hornear Lata 750 g	$3.000
24	(Ref. 286040)	Selecta	Harina sin Polvos de Hornear Bolsa 5 Kg	$3.990
25	(Ref. 261324)	Lefersa	Levadura Instantanea Bolsa 10 g	$190
26	(Ref. 258856)	Lefersa	Levadura Fresca Bolsa 38 g	$310
27	(Ref. 579348)	Gourmet	Polvos de Hornear Sobre 100 g	$400
28	(Ref. 264601)	Nestle	Harina Imperial Sobre Nestle Bolsa 100 g	$480
29	(Ref. 261098)	Lider	Chuno Bolsa 250 g	$540
30	(Ref. 236714)	Great Value	Mezcla para Masa Pizza Bolsa 184 g	$590
31	(Ref. 263258)	Lider	Harina con Polvos de Hornear Bolsa 1 Kg	$630
32	(Ref. 533824)	Oso	Chuno Bolsa 250 g	$690
33	(Ref. 481683)	Lider	Harina de Trigo Bolsa 1 Kg	$690
34	(Ref. 309569)	Selecta	Harina Especial Cake Bolsa 650 g	$710
35	(Ref. 263277)	Lider	Harina Tostada Bolsa 500 g	$710
36	(Ref. 500230)	Selecta	Harina Oat Integral de Avena Bolsa 650 g	$710
37	(Ref. 306710)	Selecta	Harina Grain con Granos Enteros Bolsa 650 g	$710
38	(Ref. 311208)	Selecta	Harina Especial Bake Bolsa 650 g	$710
39	(Ref. 286781)	Carozzi	Nutrina Paquete 500 g	$720
40	(Ref. 288077)	Oso	Harina Tostada Bolsa 500 g	$750
41	(Ref. 494436)	Cisne Imperial	Harina sin Polvos de Hornear Bolsa 1 Kg	$750
42	(Ref. 494435)	Cisne Imperial	Harina con Polvos de Hornear Bolsa ...	$750
43	(Ref. 481682)	Lider	Harina Integral Bolsa 1 Kg	$760
44	(Ref. 257005)	Martini	Harina Tostada Bolsa 500 g	$840
45	(Ref. 247750)	Molino Don Quijote	Pre-Mezcla para Sopaipillas Bolsa ...	$890
46	(Ref. 247752)	Molino Don Quijote	Pre-Mezcla para Pan Amasado ...	$890
47	(Ref. 247433)	Molino Don Quijote	Pre-Mezcla para Empanadas de ...	$890
48	(Ref. 263360)	Oso	Trigo Mote Bolsa 500 g	$890
49	(Ref. 495203)	Molino Don Quijote	Pre-Mezcla para Empanadas Fritas ...	$890
50	(Ref. 250283)	Jacinto	Chuno Jacinto Bolsa 500 g	$960
51	(Ref. 471848)	Tucapel	Harina de Arroz Doypack 500 g	$960
52	(Ref. 243655)	Fuente Natural	Harina de Maiz Doypack 500 g	$970
53	(Ref. 546384)	Selecta	Harina Integral Alta en Fibra Bolsa 1 Kg	$970
54	(Ref. 252626)	Saf Instant	Levadura Seca instantanea ...	$970
55	(Ref. 258900)	Selecta	Panqueques Selecta Caja 450 g	$1.000
56	(Ref. 406620)	Selecta	Mezcla Lista Cupcakes Caja 450 g	$1.000
57	(Ref. 242971)	Selecta	Sopaipillas Selecta Caja 450 g	$1.000
58	(Ref. 236626)	Collico	Levadura Seca Bolsa 125 g	$1.050
59	(Ref. 598411)	Dropa	Maizena Libre de Gluten Bolsa 100 g	$1.150
60	(Ref. 264595)	Imperial	Polvo SN Golden Sun  12 g	$1.160
61	(Ref. 263295)	Carozzi	Brownie Caja 400 g	$1.170
62	(Ref. 250096)	Mi Tierra	Harina de Arroz Bolsa 500 g	$1.290
63	(Ref. 560740)	Gourmet	Mezcla para Brownies de Chocolate Bolsa ...	$1.290
64	(Ref. 560743)	Gourmet	Mezcla para Galletas de Vainilla Bolsa 420 g	$1.290
65	(Ref. 243632)	Fuente Natural	Harina de Arroz Bolsa 500 g	$1.349
66	(Ref. 397297)	Selecta	Mezcla Muffins Caja 450 g	$1.350
67	(Ref. 580495)	Selecta	Mezcla Cup Cakes Chocolate Caja 450 g	$1.350
68	(Ref. 338514)	Mi Tierra	Harina Integral de Trigo 700 g	$1.399
69	(Ref. 459452)	Selecta	Torta Lista Volcan de Chocolate Caja 340 g	$1.410
70	(Ref. 295163)	Lefersa	Levadura Seca Lefersa Sachet 125 g	$1.449
71	(Ref. 252702)	Saf Instant	Levadura Seca instantanea ...	$1.490
72	(Ref. 254956)	Oso	Trigo Mote Bolsa 1 Kg	$1.590
73	(Ref. 270291)	Great Value	Postre Cheesecake Caja 318 g	$1.690
74	(Ref. 478980)	Mi Tierra	Harina de Linaza Bolsa 400 g	$1.950
75	(Ref. 492797)	Lider	Harina Sin Polvos de Hornear Bolsa 3 Kg	$2.120
76	(Ref. 241858)	Mont Blanc	Harina sin Polvos de Hornear Bolsa 3 Kg	$2.150
77	(Ref. 236631)	Collico	Levadura Seca Bolsa 250 g	$2.160
78	(Ref. 392055)	Donarepa	Harina de Maiz Bolsa 1 Kg	$2.450
79	(Ref. 297319)	Epullen	Mezcla para Preparar Queques con Miel ...	$2.500
80	(Ref. 493177)	Betty Crocker	Mezcla de Biscocho para Torta Sabor ...	$2.550
81	(Ref. 488403)	Betty Crocker	Mezcla Torta Dulce de Chocolate Caja ...	$2.550
82	(Ref. 256431)	Lider	Almidon de Maiz Caja 500 g	$2.570
83	(Ref. 544693)	Duncan Hines	Mezcla para Brownie con ...	$2.691
84	(Ref. 544694)	Duncan Hines	Mezcla para Brownie Caja 520 g	$2.691
85	(Ref. 295258)	Lefersa	Levadura Seca Bolsa 250 g	$2.770
86	(Ref. 514696)	Betty Crocker	Mezcla para Brownie Mix Caja ...	$2.850
87	(Ref. 263247)	Lider	Harina sin Polvos de Hornear Bolsa 5 Kg	$3.270
88	(Ref. 252011)	Mi Tierra	Harina de Quinoa Bolsa 400 g	$3.590
89	(Ref. 493178)	Betty Crocker	Galleta Chocolate y Avena Bolsa 496 g	$3.690
90	(Ref. 493180)	Betty Crocker	Mezcla Galletas Chips Chocolate ...	$3.690
